HEADER_TIME_STAMP,MIMS_UNIT
2018-06-14 13:41:39,2.27755768145976
2018-06-14 13:41:44,0.246762666727488
2018-06-14 13:41:49,0.0171749439354062
2018-06-14 13:41:54,0.00142042557761504
2018-06-14 13:41:59,0.000111928005107423
2018-06-14 13:42:04,0.0089588949273513
2018-06-14 13:42:09,0.00346241023453685
2018-06-14 13:42:14,0.000273454802767981
2018-06-14 13:42:19,0.0115755063956139
2018-06-14 13:42:24,0.00103617509090456
2018-06-14 13:42:29,9.32334671820896e-05
2018-06-14 13:42:34,7.00880722395092e-06
2018-06-14 13:42:39,4.83433294509958e-07
2018-06-14 13:42:44,4.69611611368004e-08
2018-06-14 13:42:49,3.90407723025217e-09
2018-06-14 13:42:54,0.00696571176987794
2018-06-14 13:42:59,0.00530373796973406
2018-06-14 13:43:04,0.000415834602950973
2018-06-14 13:43:09,3.27825594559901e-05
2018-06-14 13:43:14,2.78902938807797e-06
2018-06-14 13:43:19,0.0132998163122017
2018-06-14 13:43:24,0.0108965232213911
2018-06-14 13:43:29,0.00115156813687605
2018-06-14 13:43:34,7.13471691035654e-05
2018-06-14 13:43:39,7.15130419965843e-06
2018-06-14 13:43:44,0.00523043215359302
2018-06-14 13:43:49,0.00667820012711047
2018-06-14 13:43:54,2.15256971105686
2018-06-14 13:43:59,3.50525269483275
2018-06-14 13:44:04,3.10958487765958
2018-06-14 13:44:09,3.2625506609391
2018-06-14 13:44:14,2.86187429290172
2018-06-14 13:44:19,4.4386309895469
2018-06-14 13:44:24,2.70182598326249
2018-06-14 13:44:29,2.79510165537698
2018-06-14 13:44:34,1.08746305524406
2018-06-14 13:44:39,0.10306437009503
2018-06-14 13:44:44,0.00698897989307668
2018-06-14 13:44:49,0.000641058542855225
2018-06-14 13:44:54,4.2831652074138e-05
2018-06-14 13:44:59,3.66212483298439e-06
2018-06-14 13:45:04,2.78987535473417e-07
2018-06-14 13:45:09,0.0108696562916141
2018-06-14 13:45:14,0.00458055578671054
2018-06-14 13:45:19,0.000398603816905968
2018-06-14 13:45:24,3.0990535057858e-05
2018-06-14 13:45:29,2.10273510379258e-06
2018-06-14 13:45:34,2.00342870119122e-07
2018-06-14 13:45:39,1.24456603450658e-08
2018-06-14 13:45:44,1.50680839671439e-09
2018-06-14 13:45:49,6.58359056483544e-10
2018-06-14 13:45:54,6.15428629286515e-10
2018-06-14 13:45:59,6.13882006259353e-10
2018-06-14 13:46:04,6.13765285784366e-10
2018-06-14 13:46:09,6.1373317587379e-10
2018-06-14 13:46:14,6.13736441638727e-10
2018-06-14 13:46:19,6.13734218901104e-10
2018-06-14 13:46:24,6.1373783625786e-10
2018-06-14 13:46:29,6.13737935819375e-10
2018-06-14 13:46:34,6.13740526370174e-10
2018-06-14 13:46:39,6.13737015599286e-10
2018-06-14 13:46:44,6.13736808932986e-10
2018-06-14 13:46:49,6.13746782866226e-10
2018-06-14 13:46:54,0.010619944243823
2018-06-14 13:46:59,0.00196836133090824
2018-06-14 13:47:04,0.000123859186490721
2018-06-14 13:47:09,1.12665923109496e-05
2018-06-14 13:47:14,8.35552622319829e-07
2018-06-14 13:47:19,0.0103030100993309
2018-06-14 13:47:24,0.00224128751373125
2018-06-14 13:47:29,0.005140901790524
2018-06-14 13:47:34,0.00690231408700952
2018-06-14 13:47:39,0.000735874473496184
2018-06-14 13:47:44,0.01019366207347
2018-06-14 13:47:49,0.00230692482602076
2018-06-14 13:47:54,0.00603758712202519
2018-06-14 13:47:59,0.0178609698097224
2018-06-14 13:48:04,0.00155553775138399
2018-06-14 13:48:09,0.0192293738464825
2018-06-14 13:48:14,0.00569952833580912
2018-06-14 13:48:19,0.000534366418850353
2018-06-14 13:48:24,3.96696695535222e-05
2018-06-14 13:48:29,2.76563175318089e-06
2018-06-14 13:48:34,2.60610173160227e-07
2018-06-14 13:48:39,1.60663643742197e-08
2018-06-14 13:48:44,1.75196976207159e-09
2018-06-14 13:48:49,6.64731901870273e-10
2018-06-14 13:48:54,6.20268225278289e-10
2018-06-14 13:48:59,6.14180470764757e-10
2018-06-14 13:49:04,6.13758327969339e-10
2018-06-14 13:49:09,6.13739813320972e-10
2018-06-14 13:49:14,6.13739068489608e-10
2018-06-14 13:49:19,6.13738271327522e-10
2018-06-14 13:49:24,0.306460312509867
2018-06-14 13:49:29,4.66415116122001
2018-06-14 13:49:34,0.939962053714161
2018-06-14 13:49:39,0.0726176881920259
2018-06-14 13:49:44,0.00555035260051879
2018-06-14 13:49:49,0.000480855426471217
2018-06-14 13:49:54,3.07248197519613e-05
2018-06-14 13:49:59,2.99533385386634e-06
2018-06-14 13:50:04,1.93206297269366e-07
2018-06-14 13:50:09,1.71989896849584e-08
2018-06-14 13:50:14,1.90884591625111e-09
2018-06-14 13:50:19,1.18546261355751e-09
2018-06-14 13:50:24,1.16103584789195e-09
2018-06-14 13:50:29,1.15953154782133e-09
2018-06-14 13:50:34,1.15931481974532e-09
2018-06-14 13:50:39,1.15927241574567e-09
2018-06-14 13:50:44,1.58365223899522e-09
2018-06-14 13:50:49,0.0112845108476399
2018-06-14 13:50:54,0.00133596317648089
2018-06-14 13:50:59,0.00879745846927184
2018-06-14 13:51:04,0.00553431658509199
2018-06-14 13:51:09,0.000417434170888573
2018-06-14 13:51:14,0.0106879374202828
2018-06-14 13:51:19,0.00191245430978341
2018-06-14 13:51:24,0.000118832102913926
2018-06-14 13:51:29,1.11319162567649e-05
2018-06-14 13:51:34,7.98520001896753e-07
2018-06-14 13:51:39,0.0103256761491456
2018-06-14 13:51:44,0.00222417574053181
2018-06-14 13:51:49,0.875359449679454
2018-06-14 13:51:54,3.19782385989531
2018-06-14 13:51:59,1.03218524662015
2018-06-14 13:52:04,1.15542352730294
2018-06-14 13:52:09,0.453915087386541
2018-06-14 13:52:14,0.0305184027081674
2018-06-14 13:52:19,0.0023808357802232
2018-06-14 13:52:24,0.000192652549255184
2018-06-14 13:52:29,0.0598584662727796
2018-06-14 13:52:34,0.0395153059269789
2018-06-14 13:52:39,0.762915516534905
2018-06-14 13:52:44,2.65939648727476
2018-06-14 13:52:49,2.51605386384631
2018-06-14 13:52:54,2.13119434947389
2018-06-14 13:52:59,0.208339728204841
2018-06-14 13:53:04,0.0182441069817127
2018-06-14 13:53:09,0.0316379807634778
2018-06-14 13:53:14,0.00683114169509223
2018-06-14 13:53:19,0.00526687594986721
2018-06-14 13:53:24,0.007187448369267
2018-06-14 13:53:29,0.000752143232850884
2018-06-14 13:53:34,0.010151996487136
2018-06-14 13:53:39,0.0023425801757841
2018-06-14 13:53:44,0.0056714142935799
2018-06-14 13:53:49,0.0182333455550368
2018-06-14 13:53:54,0.0015568770971565
2018-06-14 13:53:59,0.00014217368586213
2018-06-14 13:54:04,8.76562133377483e-06
2018-06-14 13:54:09,0.00195505026839061
2018-06-14 13:54:14,0.0213341399637222
2018-06-14 13:54:19,0.00179035865334309
2018-06-14 13:54:24,0.00854665158385738
2018-06-14 13:54:29,0.00400603029402058
2018-06-14 13:54:34,0.000278814687998802
2018-06-14 13:54:39,0.0228238544903828
2018-06-14 13:54:44,0.0024500626729372
2018-06-14 13:54:49,0.0147845205074328
2018-06-14 13:54:54,0.0100042401432536
2018-06-14 13:54:59,0.000700481461697111
2018-06-14 13:55:04,6.44390590413482e-05
2018-06-14 13:55:09,4.72445955956918e-06
2018-06-14 13:55:14,3.35052645988861e-07
2018-06-14 13:55:19,3.2185409450317e-08
2018-06-14 13:55:24,3.00542627048872e-09
2018-06-14 13:55:29,0.0198118787600017
2018-06-14 13:55:34,0.0197172270340351
2018-06-14 13:55:39,0.00134902447842692
2018-06-14 13:55:44,0.00316836366165267
2018-06-14 13:55:49,0.000791898170352146
2018-06-14 13:55:54,0.0170133640458366
2018-06-14 13:55:59,0.105575016718015
2018-06-14 13:56:04,0.0593484040526206
2018-06-14 13:56:09,0.00563485442425785
2018-06-14 13:56:14,0.0769085215418135
2018-06-14 13:56:19,0.109058252146288
2018-06-14 13:56:24,0.0318842406772431
2018-06-14 13:56:29,0.0675632929016277
2018-06-14 13:56:34,0.00602368573896232
2018-06-14 13:56:39,0.0326055459787624
2018-06-14 13:56:44,0.0281170233939155
2018-06-14 13:56:49,0.00307623175438074
2018-06-14 13:56:54,0.0617792094672538
2018-06-14 13:56:59,0.0348949056122406
2018-06-14 13:57:04,0.0139388721838308
2018-06-14 13:57:09,0.00100599284172235
2018-06-14 13:57:14,9.64736375051327e-05
2018-06-14 13:57:19,6.66452765262609e-06
2018-06-14 13:57:24,0.000225530570893112
2018-06-14 13:57:29,0.0113962349086553
2018-06-14 13:57:34,0.000957127501001918
2018-06-14 13:57:39,0.00817449693691361
2018-06-14 13:57:44,0.00427489585018363
2018-06-14 13:57:49,0.000289053398758908
2018-06-14 13:57:54,2.89722764691015e-05
2018-06-14 13:57:59,1.82842047121956e-06
2018-06-14 13:58:04,0.00712004126918405
2018-06-14 13:58:09,0.00517981723478104
2018-06-14 13:58:14,0.000380086212794388
2018-06-14 13:58:19,0.010802844367721
2018-06-14 13:58:24,0.00179937083833932
2018-06-14 13:58:29,0.000110444192707787
2018-06-14 13:58:34,1.08072259471902e-05
2018-06-14 13:58:39,7.3186929714115e-07
2018-06-14 13:58:44,0.0207805215138911
2018-06-14 13:58:49,0.0389489389587233
2018-06-14 13:58:54,0.191498747305466
2018-06-14 13:58:59,0.0826162946382173
2018-06-14 13:59:04,0.0104521915883539
2018-06-14 13:59:09,0.0683062569287703
2018-06-14 13:59:14,0.00914529113117044
2018-06-14 13:59:19,0.0562971144993363
2018-06-14 13:59:24,0.0125786806666667
2018-06-14 13:59:29,0.0572863835890017
2018-06-14 13:59:34,0.00674388135773971
2018-06-14 13:59:39,0.00821533472870232
2018-06-14 13:59:44,0.0278055913937204
2018-06-14 13:59:49,0.00234392276656916
2018-06-14 13:59:54,0.000220192198801044
2018-06-14 13:59:59,1.35079418474002e-05
2018-06-14 14:00:04,0.000747574972334302
2018-06-14 14:00:09,0.121074546371671
2018-06-14 14:00:14,0.0124038821058519
2018-06-14 14:00:19,0.00135294724674332
2018-06-14 14:00:24,0.0231301574985932
2018-06-14 14:00:29,0.00198851775207873
2018-06-14 14:00:34,0.0672789352922657
2018-06-14 14:00:39,0.0036941644827192
2018-06-14 14:00:44,0.0121251404332944
2018-06-14 14:00:49,0.0120871864778175
2018-06-14 14:00:54,0.00134331172068467
2018-06-14 14:00:59,0.0103280548769316
2018-06-14 14:01:04,0.00224729152085894
2018-06-14 14:01:09,0.00409819985282347
2018-06-14 14:01:14,0.0079577484159187
2018-06-14 14:01:19,0.000775305424667244
2018-06-14 14:01:24,5.85976216653927e-05
2018-06-14 14:01:29,4.00574167641668e-06
2018-06-14 14:01:34,0.00233578524760174
2018-06-14 14:01:39,0.00950547723050918
2018-06-14 14:01:44,0.000797726318231707
2018-06-14 14:01:49,7.82238511188632e-05
2018-06-14 14:01:54,4.81302500625556e-06
2018-06-14 14:01:59,5.93107019123661e-05
2018-06-14 14:02:04,0.0115544500222596
2018-06-14 14:02:09,0.000992871881089518
2018-06-14 14:02:14,0.0160003733368497
2018-06-14 14:02:19,0.00882126112245266
2018-06-14 14:02:24,0.000592544045080393
2018-06-14 14:02:29,5.93511290010162e-05
2018-06-14 14:02:34,3.80865613348944e-06
2018-06-14 14:02:39,0.00704083720822681
2018-06-14 14:02:44,0.00524551223741342
2018-06-14 14:02:49,0.000396165211714065
2018-06-14 14:02:54,3.28089143469802e-05
2018-06-14 14:02:59,2.67065279590153e-06
2018-06-14 14:03:04,0.00674261252802638
2018-06-14 14:03:09,0.00538517529585023
2018-06-14 14:03:14,0.00055252985068762
2018-06-14 14:03:19,0.0103652496189406
2018-06-14 14:03:24,0.00219645359502121
2018-06-14 14:03:29,0.0111535267036866
2018-06-14 14:03:34,0.0128469018134031
2018-06-14 14:03:39,0.00141088363717101
2018-06-14 14:03:44,0.0103038507633902
2018-06-14 14:03:49,0.00226083379277446
2018-06-14 14:03:54,0.00358113159979021
2018-06-14 14:03:59,0.0084535438645416
2018-06-14 14:04:04,0.000779427911201962
2018-06-14 14:04:09,6.33238671154256e-05
2018-06-14 14:04:14,4.09366423039639e-06
2018-06-14 14:04:19,0.00393757959942816
2018-06-14 14:04:24,0.0193171842700663
2018-06-14 14:04:29,0.00166646336644131
2018-06-14 14:04:34,0.0172198991230819
2018-06-14 14:04:39,0.00770411316727646
2018-06-14 14:04:44,0.000548831803530572
2018-06-14 14:04:49,0.0228998545889977
2018-06-14 14:04:54,0.00233581642672645
2018-06-14 14:04:59,0.000188317621923986
2018-06-14 14:05:04,1.57254269295009e-05
2018-06-14 14:05:09,1.00261754775391e-06
2018-06-14 14:05:14,0.0109880901218479
2018-06-14 14:05:19,0.00162362888306551
2018-06-14 14:05:24,0.00696736843431637
2018-06-14 14:05:29,0.00536801213360326
2018-06-14 14:05:34,0.000470875886625473
2018-06-14 14:05:39,3.29328092288327e-05
2018-06-14 14:05:44,3.09328756118928e-06
2018-06-14 14:05:49,0.00628886417077044
2018-06-14 14:05:54,0.00573582170731746
2018-06-14 14:05:59,0.000633787833571124
2018-06-14 14:06:04,0.0102910135401742
2018-06-14 14:06:09,0.00225098140366895
2018-06-14 14:06:14,0.000186865196231759
2018-06-14 14:06:19,1.19051160556791e-05
2018-06-14 14:06:24,1.18797774924076e-06
2018-06-14 14:06:29,0.0100793950423521
2018-06-14 14:06:34,0.00238651825417397
2018-06-14 14:06:39,0.00280923806328347
2018-06-14 14:06:44,0.00928936626404553
2018-06-14 14:06:49,0.000783356854777493
2018-06-14 14:06:54,7.34528475010198e-05
2018-06-14 14:06:59,4.50750223324768e-06
2018-06-14 14:07:04,0.00113935504663913
2018-06-14 14:07:09,0.0221185332466764
2018-06-14 14:07:14,0.00184457019656811
2018-06-14 14:07:19,0.00841672775910849
2018-06-14 14:07:24,0.00413483997696302
2018-06-14 14:07:29,0.00028321432192289
2018-06-14 14:07:34,2.82289013788462e-05
2018-06-14 14:07:39,1.7569243106479e-06
2018-06-14 14:07:44,1.62969746185782e-07
2018-06-14 14:07:49,1.20208087707025e-08
2018-06-14 14:07:54,5.39740808996343e-09
2018-06-14 14:07:59,0.0108646779178973
2018-06-14 14:08:04,0.00174053281216409
2018-06-14 14:08:09,0.000106942678215127
2018-06-14 14:08:14,1.06200546605321e-05
2018-06-14 14:08:19,7.04763415255144e-07
2018-06-14 14:08:24,0.0104318469680324
2018-06-14 14:08:29,0.00213711538994346
2018-06-14 14:08:34,0.000145684890854158
2018-06-14 14:08:39,1.14008077042714e-05
2018-06-14 14:08:44,9.76513891768214e-07
2018-06-14 14:08:49,6.16119433359649e-08
2018-06-14 14:08:54,6.16481859785055e-09
2018-06-14 14:08:59,0.00390787014745881
2018-06-14 14:09:04,0.00793433157364587
2018-06-14 14:09:09,0.000773834222932772
2018-06-14 14:09:14,0.0199276009098092
2018-06-14 14:09:19,0.00500216094519796
2018-06-14 14:09:24,0.00517847884851951
2018-06-14 14:09:29,0.0189777519456036
2018-06-14 14:09:34,0.00159188413819046
2018-06-14 14:09:39,0.000155967939006486
2018-06-14 14:09:44,9.59357809808353e-06
2018-06-14 14:09:49,6.60959431354876e-05
2018-06-14 14:09:54,0.0115489650309162
2018-06-14 14:09:59,0.000990583896123126
2018-06-14 14:10:04,0.0160175777169525
2018-06-14 14:10:09,0.00880513117265874
2018-06-14 14:10:14,0.000591612924650654
2018-06-14 14:10:19,0.0112637602877376
2018-06-14 14:10:24,0.00138522862882734
2018-06-14 14:10:29,0.0141695777498596
2018-06-14 14:10:34,0.0104752490248892
2018-06-14 14:10:39,0.000789907752572135
2018-06-14 14:10:44,0.0107808658832598
2018-06-14 14:10:49,0.00185379299001857
2018-06-14 14:10:54,0.000114179137601841
2018-06-14 14:10:59,1.09852747463675e-05
2018-06-14 14:11:04,7.62944890824069e-07
2018-06-14 14:11:09,0.0103589416569695
2018-06-14 14:11:14,0.00219869686452977
2018-06-14 14:11:19,0.00565892208204315
2018-06-14 14:11:24,0.00641109207186309
2018-06-14 14:11:29,0.000704313658412211
2018-06-14 14:11:34,0.0102859244563954
2018-06-14 14:11:39,0.00226365357017364
2018-06-14 14:11:44,0.00697472653290575
2018-06-14 14:11:49,0.016897384545373
2018-06-14 14:11:54,0.0015601046535938
2018-06-14 14:11:59,0.00988463673477948
2018-06-14 14:12:04,0.00265341997120934
2018-06-14 14:12:09,0.000260923528776203
2018-06-14 14:12:14,1.81232664759692e-05
2018-06-14 14:12:19,1.37807839319923e-06
2018-06-14 14:12:24,1.2197385803625e-07
2018-06-14 14:12:29,8.69442645223548e-09
2018-06-14 14:12:34,3.86246174349626e-07
2018-06-14 14:12:39,0.0115532158026453
2018-06-14 14:12:44,0.00107177449293085
2018-06-14 14:12:49,9.38692900682618e-05
2018-06-14 14:12:54,7.25301669613872e-06
2018-06-14 14:12:59,4.878422065967e-07
2018-06-14 14:13:04,0.00187689806460812
2018-06-14 14:13:09,0.000118185529348961
2018-06-14 14:13:14,0.00687414720481988
2018-06-14 14:13:19,0.0053580227360883
2018-06-14 14:13:24,0.00046901821127894
2018-06-14 14:13:29,0.0105576201882359
2018-06-14 14:13:34,0.00205789298330697
2018-06-14 14:13:39,0.00643158290410406
2018-06-14 14:13:44,0.00573926172568753
2018-06-14 14:13:49,0.00063350189589686
2018-06-14 14:13:54,0.0103177105504284
2018-06-14 14:13:59,0.00225840203920457
2018-06-14 14:14:04,0.00465943581735411
2018-06-14 14:14:09,0.00736939177556427
2018-06-14 14:14:14,0.000756626627765078
2018-06-14 14:14:19,0.0101349437254836
2018-06-14 14:14:24,0.00238858770320792
2018-06-14 14:14:29,0.00281155445463089
2018-06-14 14:14:34,0.00925560544395191
2018-06-14 14:14:39,0.000780550364919832
2018-06-14 14:14:44,7.31519522103183e-05
2018-06-14 14:14:49,4.48861316660067e-06
2018-06-14 14:14:54,0.00117148124786182
2018-06-14 14:14:59,0.022086915815046
2018-06-14 14:15:04,0.00184219404218973
2018-06-14 14:15:09,0.0166648137503525
2018-06-14 14:15:14,0.00824629838248927
2018-06-14 14:15:19,0.000565114813317939
2018-06-14 14:15:24,0.0226960570299752
2018-06-14 14:15:29,0.00254007533971203
2018-06-14 14:15:34,0.00739627615273696
2018-06-14 14:15:39,0.00508992895563904
2018-06-14 14:15:44,0.000362981678630856
2018-06-14 14:15:49,0.0109003979487952
2018-06-14 14:15:54,0.001739615429957
2018-06-14 14:15:59,0.000106917425966253
2018-06-14 14:16:04,1.06202887948028e-05
2018-06-14 14:16:09,6.99522951128337e-07
2018-06-14 14:16:14,0.0208678012250601
2018-06-14 14:16:19,0.00426998822092606
2018-06-14 14:16:24,0.012162079083736
2018-06-14 14:16:29,0.012041053178056
2018-06-14 14:16:34,0.00133866965301568
2018-06-14 14:16:39,0.0103282573947812
2018-06-14 14:16:44,0.00224747744819743
2018-06-14 14:16:49,0.000200993889299614
2018-06-14 14:16:54,1.24483474942922e-05
2018-06-14 14:16:59,1.24646998799959e-06
2018-06-14 14:17:04,0.0199034753491345
2018-06-14 14:17:09,0.00499769576987193
2018-06-14 14:17:14,0.00284286342610007
2018-06-14 14:17:19,0.00950324965449774
2018-06-14 14:17:24,0.000796916471710806
2018-06-14 14:17:29,0.0182820933225747
2018-06-14 14:17:34,0.00659619167279732
2018-06-14 14:17:39,0.000610117550218106
2018-06-14 14:17:44,0.0115600833357845
2018-06-14 14:17:49,0.000989302339592757
2018-06-14 14:17:54,0.00804994568633482
2018-06-14 14:17:59,0.00439429544171557
2018-06-14 14:18:04,0.000295312299478155
2018-06-14 14:18:09,0.0224732320660524
2018-06-14 14:18:14,0.00276386866938934
2018-06-14 14:18:19,0.000189654718635398
2018-06-14 14:18:24,1.80954215193321e-05
2018-06-14 14:18:29,1.10907342458147e-06
2018-06-14 14:18:34,1.0921719076961e-07
2018-06-14 14:18:39,7.37865270818559e-09
2018-06-14 14:18:44,0.00675027614767895
2018-06-14 14:18:49,0.00537996555099506
2018-06-14 14:18:54,0.000550038397782825
2018-06-14 14:18:59,0.0207278977553019
2018-06-14 14:19:04,0.00439106345768367
2018-06-14 14:19:09,0.00582983750185357
2018-06-14 14:19:14,0.00640987305148141
2018-06-14 14:19:19,0.000704425737675407
2018-06-14 14:19:24,0.0102867679675898
2018-06-14 14:19:29,0.00226282536704529
2018-06-14 14:19:34,0.00700265978714768
2018-06-14 14:19:39,0.0168675499473013
2018-06-14 14:19:44,0.00155997755217331
2018-06-14 14:19:49,0.0196522385523571
2018-06-14 14:19:54,0.00528875951529547
2018-06-14 14:19:59,0.00271406455550016
2018-06-14 14:20:04,0.00959508404794485
2018-06-14 14:20:09,0.000824345421542012
2018-06-14 14:20:14,0.00892797001565047
2018-06-14 14:20:19,0.00356990478537042
2018-06-14 14:20:24,0.000271499740681365
2018-06-14 14:20:29,0.0115795599807615
2018-06-14 14:20:34,0.00107156639563083
2018-06-14 14:20:39,0.00777851110816798
2018-06-14 14:20:44,0.00465018725357245
2018-06-14 14:20:49,0.000312754045356875
2018-06-14 14:20:54,0.0111482928816994
2018-06-14 14:20:59,0.00150064583829103
2018-06-14 14:21:04,0.00702279776827018
2018-06-14 14:21:09,0.00534129084348561
2018-06-14 14:21:14,0.000430382366973848
2018-06-14 14:21:19,0.0106359763956599
2018-06-14 14:21:24,0.00195450817713668
2018-06-14 14:21:29,0.00012262570622769
2018-06-14 14:21:34,1.12277878183487e-05
2018-06-14 14:21:39,8.27836481963366e-07
2018-06-14 14:21:44,0.0121043112078832
2018-06-14 14:21:49,0.00241786935367344
2018-06-14 14:21:54,0.00468897844275344
2018-06-14 14:21:59,0.00735457113782028
2018-06-14 14:22:04,0.000756162241536646
2018-06-14 14:22:09,0.0101109326195572
2018-06-14 14:22:14,0.00237818151498851
2018-06-14 14:22:19,0.00282329043459338
2018-06-14 14:22:24,0.00927352003723178
2018-06-14 14:22:29,0.000782911657121478
2018-06-14 14:22:34,0.00941769198675472
2018-06-14 14:22:39,0.00304461523499457
2018-06-14 14:22:44,0.000880100326349968
2018-06-14 14:22:49,0.0110403394636537
2018-06-14 14:22:54,0.000920663497141001
2018-06-14 14:22:59,0.0166120597608669
2018-06-14 14:23:04,0.00823525830642016
2018-06-14 14:23:09,0.000564861369546085
2018-06-14 14:23:14,5.62670806317129e-05
2018-06-14 14:23:19,0.0350234045530742
2018-06-14 14:23:24,0.00542935377826463
2018-06-14 14:23:29,0.000428530810298505
2018-06-14 14:23:34,0.0114295834425173
2018-06-14 14:23:39,0.00121539398045552
2018-06-14 14:23:44,0.0147471212133821
2018-06-14 14:23:49,0.00997682096861128
2018-06-14 14:23:54,0.000696051454720067
2018-06-14 14:23:59,6.43716676420192e-05
2018-06-14 14:24:04,4.69043980017569e-06
2018-06-14 14:24:09,3.34177746701874e-07
2018-06-14 14:24:14,3.12221288027564e-08
2018-06-14 14:24:19,2.28818033410068e-09
2018-06-14 14:24:24,0.0104789360503054
2018-06-14 14:24:29,0.00209479768642884
2018-06-14 14:24:34,0.00626719268805728
2018-06-14 14:24:39,0.0058523492446194
2018-06-14 14:24:44,0.000649956656976157
2018-06-14 14:24:49,0.0102883409146658
2018-06-14 14:24:54,0.00224891133513224
2018-06-14 14:24:59,0.00440528027734133
2018-06-14 14:25:04,0.0076186096480304
2018-06-14 14:25:09,0.151094890997255
2018-06-14 14:25:14,1.73274324775621
2018-06-14 14:25:19,2.12187993963404
2018-06-14 14:25:24,2.12810935958847
2018-06-14 14:25:29,2.11659137837239
2018-06-14 14:25:34,2.12572141487
2018-06-14 14:25:39,2.12405185555136
2018-06-14 14:25:44,2.13097959966814
2018-06-14 14:25:49,2.12295288284573
2018-06-14 14:25:54,2.12493166653171
2018-06-14 14:25:59,2.13724784173753
2018-06-14 14:26:04,2.12992499789295
2018-06-14 14:26:09,2.12972798065453
2018-06-14 14:26:14,2.13096002680048
2018-06-14 14:26:19,2.12527395590729
2018-06-14 14:26:24,2.1284361689835
2018-06-14 14:26:29,2.13594170736928
2018-06-14 14:26:34,2.1262361838606
2018-06-14 14:26:39,2.13499836811805
2018-06-14 14:26:44,2.13746743536404
2018-06-14 14:26:49,2.13377657208547
2018-06-14 14:26:54,2.14220744396995
2018-06-14 14:26:59,2.1378033002513
2018-06-14 14:27:04,2.13705209173417
2018-06-14 14:27:09,2.13300962397637
2018-06-14 14:27:14,2.14403686935674
2018-06-14 14:27:19,2.14252397091292
2018-06-14 14:27:24,2.14645926711272
2018-06-14 14:27:29,2.149462751962
2018-06-14 14:27:34,2.14852595165166
2018-06-14 14:27:39,2.1494201852058
2018-06-14 14:27:44,2.13841460074844
2018-06-14 14:27:49,2.14737870751606
2018-06-14 14:27:54,2.1342690319758
2018-06-14 14:27:59,2.12981457231359
2018-06-14 14:28:04,2.1356266116043
2018-06-14 14:28:09,2.13017911229056
2018-06-14 14:28:14,2.13376453162687
2018-06-14 14:28:19,2.13334062045156
2018-06-14 14:28:24,0.771228225026172
2018-06-14 14:28:29,0.0112707964712152
2018-06-14 14:28:34,0.000887290124680795
2018-06-14 14:28:39,6.65446763021589e-05
2018-06-14 14:28:44,5.69608765090333e-06
2018-06-14 14:28:49,0.180602748850419
2018-06-14 14:28:54,2.39389387351107
2018-06-14 14:28:59,6.7011915866798
2018-06-14 14:29:04,7.92686382051485
2018-06-14 14:29:09,7.94201671081004
2018-06-14 14:29:14,7.93882326035149
2018-06-14 14:29:19,7.95237471248295
2018-06-14 14:29:24,7.93861667604487
2018-06-14 14:29:29,7.95864067801326
2018-06-14 14:29:34,7.94186340074666
2018-06-14 14:29:39,7.95014687586767
2018-06-14 14:29:44,7.92980375084617
2018-06-14 14:29:49,7.95219987255755
2018-06-14 14:29:54,7.94533001519766
2018-06-14 14:29:59,7.93382724621435
2018-06-14 14:30:04,7.93440842198723
2018-06-14 14:30:09,7.95014431711294
2018-06-14 14:30:14,7.93491700540029
2018-06-14 14:30:19,7.93859360525419
2018-06-14 14:30:24,7.94579209560652
2018-06-14 14:30:29,7.94523149116
2018-06-14 14:30:34,7.9499564511809
2018-06-14 14:30:39,7.92139410935125
2018-06-14 14:30:44,7.93890016531377
2018-06-14 14:30:49,7.91414673471645
2018-06-14 14:30:54,7.93757059433976
2018-06-14 14:30:59,7.94734413999886
2018-06-14 14:31:04,7.9612435369839
2018-06-14 14:31:09,7.93980606759074
2018-06-14 14:31:14,7.93875915613286
2018-06-14 14:31:19,7.94536535389438
2018-06-14 14:31:24,7.93777077305991
2018-06-14 14:31:29,7.93582031781559
2018-06-14 14:31:34,7.95457640759675
2018-06-14 14:31:39,7.95110165718443
2018-06-14 14:31:44,7.95060569990442
2018-06-14 14:31:49,7.92177008216672
2018-06-14 14:31:54,1.16158864245026
2018-06-14 14:31:59,0.0186821034180373
2018-06-14 14:32:04,0.017270167866862
2018-06-14 14:32:09,0.0565413915707245
2018-06-14 14:32:14,0.00648983812341705
2018-06-14 14:32:19,0.000525168815757468
2018-06-14 14:32:24,0.0215234219988004
2018-06-14 14:32:29,0.00369120502122988
2018-06-14 14:32:34,0.0176849392139219
2018-06-14 14:32:39,0.14427389172117
2018-06-14 14:32:44,0.0903290222941022
2018-06-14 14:32:49,0.00347524426872054
2018-06-14 14:32:54,0.0128513591115536
2018-06-14 14:32:59,0.011416590884848
2018-06-14 14:33:04,0.0465428707082797
2018-06-14 14:33:09,0.0505303623663125
2018-06-14 14:33:14,1.19125020514823
2018-06-14 14:33:19,5.07047099983033
2018-06-14 14:33:24,7.9292054871157
2018-06-14 14:33:29,7.94016625733267
2018-06-14 14:33:34,7.93665886135588
2018-06-14 14:33:39,7.9484110662403
2018-06-14 14:33:44,7.93879457874898
2018-06-14 14:33:49,7.93490661549998
2018-06-14 14:33:54,7.94510202977088
2018-06-14 14:33:59,7.94234142670978
2018-06-14 14:34:04,7.95067486603801
2018-06-14 14:34:09,7.93881012770353
2018-06-14 14:34:14,7.95195574129091
2018-06-14 14:34:19,7.9299444313415
2018-06-14 14:34:24,7.94127036973326
2018-06-14 14:34:29,7.92507962066848
2018-06-14 14:34:34,7.93000408330038
2018-06-14 14:34:39,7.92530861462371
2018-06-14 14:34:44,7.93028348320094
2018-06-14 14:34:49,7.93914905275923
2018-06-14 14:34:54,7.94299936378359
2018-06-14 14:34:59,7.94009409647894
2018-06-14 14:35:04,7.94601122930834
2018-06-14 14:35:09,7.94621510342355
2018-06-14 14:35:14,7.94182500461942
2018-06-14 14:35:19,7.93039664735334
2018-06-14 14:35:24,7.92442069728941
2018-06-14 14:35:29,7.92419278237389
2018-06-14 14:35:34,7.93268933852593
2018-06-14 14:35:39,7.93750155938326
2018-06-14 14:35:44,7.92979978252316
2018-06-14 14:35:49,7.91966906739349
2018-06-14 14:35:54,7.9449328283206
2018-06-14 14:35:59,7.94346725612351
2018-06-14 14:36:04,7.93458069930374
2018-06-14 14:36:09,7.88066191973504
2018-06-14 14:36:14,0.749362266712544
2018-06-14 14:36:19,0.00700962340969692
2018-06-14 14:36:24,0.00507342137284188
2018-06-14 14:36:29,0.0190378021952005
2018-06-14 14:36:34,0.00161516841044053
2018-06-14 14:36:39,0.0181310048966522
2018-06-14 14:36:44,0.00683294089413497
2018-06-14 14:36:49,0.00054056129459651
2018-06-14 14:36:54,4.78365514945549e-05
2018-06-14 14:36:59,2.97815662790517e-06
2018-06-14 14:37:04,2.98810254404276e-07
2018-06-14 14:37:09,1.91367881777999e-08
2018-06-14 14:37:14,2.12787015612241e-09
2018-06-14 14:37:19,0.0335585909122951
2018-06-14 14:37:24,0.00429767360903302
2018-06-14 14:37:29,0.0281938973501742
2018-06-14 14:37:34,0.0211221505825202
2018-06-14 14:37:39,0.00163616117947618
2018-06-14 14:37:44,0.0107985715697096
2018-06-14 14:37:49,0.111374803672665
2018-06-14 14:37:54,1.82630887118995
2018-06-14 14:37:59,6.15852388915987
2018-06-14 14:38:04,8.58917999648268
2018-06-14 14:38:09,7.34243053831682
2018-06-14 14:38:14,7.37957949390416
2018-06-14 14:38:19,7.1857305027632
2018-06-14 14:38:24,7.06084353285728
2018-06-14 14:38:29,7.26998530560586
2018-06-14 14:38:34,7.1471372794637
2018-06-14 14:38:39,7.11077428479872
2018-06-14 14:38:44,7.2528352427084
2018-06-14 14:38:49,7.38586681499941
2018-06-14 14:38:54,7.30289978167938
2018-06-14 14:38:59,7.08632240500137
2018-06-14 14:39:04,7.23633973020348
2018-06-14 14:39:09,7.12213706060106
2018-06-14 14:39:14,7.26263743520104
2018-06-14 14:39:19,7.16123641397171
2018-06-14 14:39:24,7.16308233805138
2018-06-14 14:39:29,7.40574950261398
2018-06-14 14:39:34,7.43262376674326
2018-06-14 14:39:39,7.24119486865312
2018-06-14 14:39:44,7.29756812836623
2018-06-14 14:39:49,7.1482479502669
2018-06-14 14:39:54,7.32451357486775
2018-06-14 14:39:59,7.24476941477497
2018-06-14 14:40:04,7.07436883111187
2018-06-14 14:40:09,7.18709264618501
2018-06-14 14:40:14,7.18715558447226
2018-06-14 14:40:19,7.35778386156757
2018-06-14 14:40:24,7.23153801033269
2018-06-14 14:40:29,7.1945674531815
2018-06-14 14:40:34,7.38283305756597
2018-06-14 14:40:39,7.14581998971733
2018-06-14 14:40:44,7.10565135962905
2018-06-14 14:40:49,7.39856716890793
2018-06-14 14:40:54,1.42062074718419
2018-06-14 14:40:59,0.0633037263297848
2018-06-14 14:41:04,0.0782572179545559
2018-06-14 14:41:09,0.03310578364578
2018-06-14 14:41:14,0.0571243512125564
2018-06-14 14:41:19,0.00532659306490521
2018-06-14 14:41:24,0.0150833612809194
2018-06-14 14:41:29,0.00995012812975743
2018-06-14 14:41:34,0.000692842324341269
2018-06-14 14:41:39,6.42712453127994e-05
2018-06-14 14:41:44,4.66683812221671e-06
2018-06-14 14:41:49,0.0068630327675025
2018-06-14 14:41:54,0.00534732591271466
2018-06-14 14:41:59,0.000485415147065426
2018-06-14 14:42:04,0.0104907838594857
2018-06-14 14:42:09,0.00208703011673395
2018-06-14 14:42:14,0.00628814965630049
2018-06-14 14:42:19,0.00583420960007708
2018-06-14 14:42:24,0.000647687557102146
2018-06-14 14:42:29,0.010289077913559
2018-06-14 14:42:34,0.00224945966723752
2018-06-14 14:42:39,0.000192356737816316
2018-06-14 14:42:44,1.20910492125222e-05
2018-06-14 14:42:49,1.21206349603199e-06
2018-06-14 14:42:54,7.72342870482784e-08
2018-06-14 14:42:59,8.09457090156934e-09
2018-06-14 14:43:04,0.00491205457270091
2018-06-14 14:43:09,0.135775225415881
2018-06-14 14:43:14,0.014958426716205
2018-06-14 14:43:19,0.00116459077109703
2018-06-14 14:43:24,0.0334129103967647
2018-06-14 14:43:29,0.00446595890877663
2018-06-14 14:43:34,0.00720986324129643
2018-06-14 14:43:39,0.0053367159941807
2018-06-14 14:43:44,0.000427464666732038
2018-06-14 14:43:49,0.021286538119421
2018-06-14 14:43:54,0.00389537343612628
2018-06-14 14:43:59,0.172906047498221
2018-06-14 14:44:04,2.30631219464554
2018-06-14 14:44:09,6.81906723253778
2018-06-14 14:44:14,8.46542474268217
2018-06-14 14:44:19,7.13567491308674
2018-06-14 14:44:24,7.10740471520842
2018-06-14 14:44:29,7.21915364454884
2018-06-14 14:44:34,7.05917802857241
2018-06-14 14:44:39,7.16108439933035
2018-06-14 14:44:44,7.16212295402104
2018-06-14 14:44:49,7.13996454045434
2018-06-14 14:44:54,7.00532574980496
2018-06-14 14:44:59,7.113435469499
2018-06-14 14:45:04,7.13351481451286
2018-06-14 14:45:09,7.20603051674315
2018-06-14 14:45:14,7.2111714095758
2018-06-14 14:45:19,7.2795998586468
2018-06-14 14:45:24,7.35301228024332
2018-06-14 14:45:29,7.3095946861946
2018-06-14 14:45:34,7.30894639873834
2018-06-14 14:45:39,7.2731477871341
2018-06-14 14:45:44,7.29937843435552
2018-06-14 14:45:49,7.13157027273949
2018-06-14 14:45:54,7.19059254984053
2018-06-14 14:45:59,7.33259956967049
2018-06-14 14:46:04,7.28953407504344
2018-06-14 14:46:09,7.22789250522814
2018-06-14 14:46:14,7.08239203694068
2018-06-14 14:46:19,7.31542625343477
2018-06-14 14:46:24,7.375366435223
2018-06-14 14:46:29,7.06527379934991
2018-06-14 14:46:34,7.17592859169587
2018-06-14 14:46:39,7.22422430994927
2018-06-14 14:46:44,7.1953633962556
2018-06-14 14:46:49,7.24517979172268
2018-06-14 14:46:54,7.18570732681089
2018-06-14 14:46:59,7.01912335751968
2018-06-14 14:47:04,5.44347216252633
2018-06-14 14:47:09,0.33558833002545
2018-06-14 14:47:14,0.0256637008840803
2018-06-14 14:47:19,0.0288382337701132
2018-06-14 14:47:24,0.00972569981361542
2018-06-14 14:47:29,0.000803529954677113
2018-06-14 14:47:34,0.236000645375299
2018-06-14 14:47:39,2.5730156388062
2018-06-14 14:47:44,7.16061540071
2018-06-14 14:47:49,8.41553501997281
2018-06-14 14:47:54,6.12350465554464
2018-06-14 14:47:59,7.04986617654011
2018-06-14 14:48:04,6.70455859202525
2018-06-14 14:48:09,7.06712447294062
2018-06-14 14:48:14,6.81537414501813
2018-06-14 14:48:19,7.22517063759485
2018-06-14 14:48:24,6.60382958571495
2018-06-14 14:48:29,6.99686923793925
2018-06-14 14:48:34,7.13511446805628
2018-06-14 14:48:39,7.01669680235795
2018-06-14 14:48:44,6.8530736415401
2018-06-14 14:48:49,6.53935757600958
2018-06-14 14:48:54,6.50994711165017
2018-06-14 14:48:59,6.88945011146123
2018-06-14 14:49:04,7.07547210348693
2018-06-14 14:49:09,7.41289376342348
2018-06-14 14:49:14,7.04157189714941
2018-06-14 14:49:19,6.8263663298167
2018-06-14 14:49:24,6.81871729066595
2018-06-14 14:49:29,7.15105640344192
2018-06-14 14:49:34,6.68581697588392
2018-06-14 14:49:39,7.04733713320896
2018-06-14 14:49:44,6.62742931527924
2018-06-14 14:49:49,6.58317759378501
2018-06-14 14:49:54,6.69394774054438
2018-06-14 14:49:59,6.87103945696174
2018-06-14 14:50:04,7.31256631289772
2018-06-14 14:50:09,6.73956805640153
2018-06-14 14:50:14,6.46666023396302
2018-06-14 14:50:19,7.07930949833938
2018-06-14 14:50:24,7.30147086379857
2018-06-14 14:50:29,7.37530945630074
2018-06-14 14:50:34,5.75799628192614
2018-06-14 14:50:39,0.175327867080739
2018-06-14 14:50:44,0.0598459470929341
2018-06-14 14:50:49,0.0644158858414765
2018-06-14 14:50:54,0.472160124760628
2018-06-14 14:50:59,0.500393541596029
2018-06-14 14:51:04,0.0817538708563531
2018-06-14 14:51:09,0.184669884721905
2018-06-14 14:51:14,0.0148150823816117
2018-06-14 14:51:19,0.00109598223514795
2018-06-14 14:51:24,0.0330309296139329
2018-06-14 14:51:29,0.00481322337045058
2018-06-14 14:51:34,0.0851476520900473
2018-06-14 14:51:39,0.0358899826108915
2018-06-14 14:51:44,0.00734259624038458
2018-06-14 14:51:49,0.000694137455572686
2018-06-14 14:51:54,0.020749721096528
2018-06-14 14:51:59,0.00438065338291029
2018-06-14 14:52:04,0.0472467177282378
2018-06-14 14:52:09,0.50946219166912
2018-06-14 14:52:14,3.41937140920141
2018-06-14 14:52:19,0.730938419705012
2018-06-14 14:52:24,0.195076312958755
2018-06-14 14:52:29,0.0201265661577166
2018-06-14 14:52:34,0.00190748625102751
2018-06-14 14:52:39,0.0230593959319681
2018-06-14 14:52:44,0.00221309311521033
2018-06-14 14:52:49,0.000188793070071824
2018-06-14 14:52:54,1.49585023650601e-05
2018-06-14 14:52:59,9.84552138170648e-07
2018-06-14 14:53:04,0.0110690843439586
2018-06-14 14:53:09,0.0494864929360408
2018-06-14 14:53:14,0.0237192865902321
2018-06-14 14:53:19,0.00261920702768401
2018-06-14 14:53:24,0.0513881030723322
2018-06-14 14:53:29,0.0112326420009409
2018-06-14 14:53:34,0.00841458046451485
2018-06-14 14:53:39,0.016199689734272
2018-06-14 14:53:44,0.00154856195107575
2018-06-14 14:53:49,0.00011989157641639
2018-06-14 14:53:54,8.02085382859537e-06
2018-06-14 14:53:59,0.0400937363101712
2018-06-14 14:54:04,0.0082650923981735
2018-06-14 14:54:09,0.000603495748394846
2018-06-14 14:54:14,0.0319690175064541
2018-06-14 14:54:19,0.058546347656911
2018-06-14 14:54:24,0.0262560926492554
2018-06-14 14:54:29,0.00254457133972941
2018-06-14 14:54:34,0.0889619939682254
2018-06-14 14:54:39,0.0179943316510941
2018-06-14 14:54:44,0.00176626498239826
2018-06-14 14:54:49,0.0307118478978036
2018-06-14 14:54:54,0.00680834941608085
2018-06-14 14:54:59,0.910540020370563
2018-06-14 14:55:04,4.5498520051697
2018-06-14 14:55:09,9.01319466815723
2018-06-14 14:55:14,7.27312760390155
2018-06-14 14:55:19,6.97847334510148
2018-06-14 14:55:24,6.81767272173026
2018-06-14 14:55:29,8.152703686688
2018-06-14 14:55:34,7.46544689485029
2018-06-14 14:55:39,7.08596187242232
2018-06-14 14:55:44,7.15420942791076
2018-06-14 14:55:49,7.39772326894846
2018-06-14 14:55:54,7.40176488159473
2018-06-14 14:55:59,7.04441548233733
2018-06-14 14:56:04,7.60548667020748
2018-06-14 14:56:09,6.99975578624634
2018-06-14 14:56:14,7.51601525214438
2018-06-14 14:56:19,7.45692048513726
2018-06-14 14:56:24,7.34151304344152
2018-06-14 14:56:29,7.32158796899851
2018-06-14 14:56:34,7.22544342380641
2018-06-14 14:56:39,7.5286627322709
2018-06-14 14:56:44,7.72136370233721
2018-06-14 14:56:49,7.27198602718086
2018-06-14 14:56:54,7.54764070974968
2018-06-14 14:56:59,7.60772294183964
2018-06-14 14:57:04,7.36160538136135
2018-06-14 14:57:09,6.99583660928323
2018-06-14 14:57:14,7.42696671256719
2018-06-14 14:57:19,7.293757876623
2018-06-14 14:57:24,7.51711472318117
2018-06-14 14:57:29,7.314319397083
2018-06-14 14:57:34,7.34888477305376
2018-06-14 14:57:39,7.10571951063879
2018-06-14 14:57:44,6.70811509706863
2018-06-14 14:57:49,6.7118506870835
2018-06-14 14:57:54,7.37801149326234
2018-06-14 14:57:59,7.4446151925357
2018-06-14 14:58:04,4.76126898080867
2018-06-14 14:58:09,0.0988681823625234
2018-06-14 14:58:14,0.671415188432964
2018-06-14 14:58:19,0.0935494161737039
2018-06-14 14:58:24,0.00658504986372837
2018-06-14 14:58:29,0.00455039281350873
2018-06-14 14:58:34,0.00785447518117626
2018-06-14 14:58:39,0.000772535601421316
2018-06-14 14:58:44,5.7660989788751e-05
2018-06-14 14:58:49,3.99231916971156e-06
2018-06-14 14:58:54,0.00235937811445769
2018-06-14 14:58:59,0.330751940708878
2018-06-14 14:59:04,0.211278062844091
2018-06-14 14:59:09,0.0140250430307034
2018-06-14 14:59:14,0.181611834950229
2018-06-14 14:59:19,0.517383352286729
2018-06-14 14:59:24,0.0504340535408893
2018-06-14 14:59:29,0.0041088116200572
2018-06-14 14:59:34,0.00833941384091553
2018-06-14 14:59:39,0.108671829365509
2018-06-14 14:59:44,0.163560965557574
2018-06-14 14:59:49,0.0136340877306612
2018-06-14 14:59:54,3.50133754893569
2018-06-14 14:59:59,5.61561613536003
2018-06-14 15:00:04,4.01316327694878
2018-06-14 15:00:09,3.0255294741242
2018-06-14 15:00:14,1.78445211922471
2018-06-14 15:00:19,0.133721725964449
2018-06-14 15:00:24,0.0111880604805759
2018-06-14 15:00:29,0.000810720949519871
2018-06-14 15:00:34,6.71201415634522e-05
2018-06-14 15:00:39,4.97381207483783e-06
2018-06-14 15:00:44,0.0791905526603366
2018-06-14 15:00:49,2.40184195143532
2018-06-14 15:00:54,0.403767923687175
2018-06-14 15:00:59,0.0364302588802562
2018-06-14 15:01:04,0.00238262026193399
2018-06-14 15:01:09,0.000214127002222487
2018-06-14 15:01:14,1.54599070704749e-05
2018-06-14 15:01:19,1.18607375830494e-06
2018-06-14 15:01:24,1.01057488251401e-07
2018-06-14 15:01:29,6.77916621006964e-09
2018-06-14 15:01:34,1.42535865479245e-09
2018-06-14 15:01:39,0.672162179573928
2018-06-14 15:01:44,1.46904778256147
2018-06-14 15:01:49,8.5364767956739
2018-06-14 15:01:54,11.6901403889705
2018-06-14 15:01:59,11.2185158508681
2018-06-14 15:02:04,14.1395574327197
2018-06-14 15:02:09,8.05471141248158
2018-06-14 15:02:14,0.996324082046064
2018-06-14 15:02:19,0.158239404707606
2018-06-14 15:02:24,4.98740462130576
2018-06-14 15:02:29,2.44039526265282
2018-06-14 15:02:34,0.214889952024341
2018-06-14 15:02:39,0.0626081125834776
2018-06-14 15:02:44,4.34589782873211
2018-06-14 15:02:49,2.66327483307581
2018-06-14 15:02:54,0.234484751138537
2018-06-14 15:02:59,0.0632163066738782
2018-06-14 15:03:04,1.34104547161475
2018-06-14 15:03:09,6.37146235178364
2018-06-14 15:03:14,7.23334563639252
2018-06-14 15:03:19,9.77674472286595
2018-06-14 15:03:24,6.87625608343761
2018-06-14 15:03:29,7.50486202504077
2018-06-14 15:03:34,10.119428972764
2018-06-14 15:03:39,6.70680812276698
